Name	Drvid	Team	IRating	SR	Flag	DriverRank	FairnessRating	ErstesRennen	LetztesRennen	LetztePlatzierung	DurchschnittPlatzierung	Poles	Rennen	Finish	Quote	Titel	HeisseEisenTitel	Distanz	FuehrungsKm	Incidents	RawPunkte	Punkte	Strafpunkte	PunkteProRennen	BestQuali	BestErgebnis	Siege	Podium	Top5	Top10	Top15	Top20	CleanestDriver	HardCharger	SchnellsteRunde	SeasonPosition	License	RankValue	IsCurrentChamp	IsCurrentHeChamp	
Philipp Hammer2	47296	Ahrtal Motorsport SimRacing	4260	4,99		Meister	0,2723	12/16/2019 - Summit Point	12/7/2020 - Bathurst	1	5,9	7	48	47	98	1	0	3843,583	511,81	102	1022	1016	-6	21	1	1	7	21	32	39	44	47	12	0	9	1	Class C	10	True	False	
Michael Fiedler	34924	Speedworld Academy	5123	4,26	AT	Platin	0,92	9/25/2017 - Silverstone Circuit National	12/7/2020 - Bathurst	2	3,7	27	117	100	85	5	0	8515,413	2484,584	555	2475	2420	-55	20	1	1	32	68	79	93	97	106	16	2	30	3	Class B	9	False	False	
Marc Beckhaus	46939	Speedworld Academy	5336	2,97	DE	Silber	0,7111	12/2/2019 - Silverstone Grand Prix	12/7/2020 - Bathurst	3	5,3	7	23	18	78	0	0	1633,929	242,426	87	401	394	-7	17	1	1	2	8	12	17	17	18	1	0	1	5	Class A	3	False	False	
Raphael Rennhofer	45259	Speedworld Academy	5024	4,51		Eisen	0,8051	7/29/2019 - Laguna Seca	12/7/2020 - Bathurst	4	6	3	26	26	100	0	1	2079,457	224,979	104	539	525	-14	20	1	1	2	7	16	21	25	26	5	2	3	20	Class A	7	False	False	
Christian Hengst	39767	Speedworld Academy	3050	4,25	AT	Gold	0,5882	9/24/2018 - Twin Ring Motegi East	12/7/2020 - Bathurst	5	7,8	0	79	68	86	0	0	5818,194	304,403	255	1210	1187	-23	15	2	1	2	18	36	55	60	63	15	0	4	8	Class B	5	False	False	
Sebastian Scholz	36177	Lapped Turtles	7175	2,27	DE	Platin	0,691	1/8/2018 - Circuit de Spa-Francorchamps Classic Pits	12/7/2020 - Bathurst	6	5,8	29	82	74	90	1	0	6358,718	1756,55	407	1608	1584	-24	19	1	1	16	41	54	65	67	72	7	0	24	4	Class A	9	False	False	
Georg Matuschinski	37404	-	4829	4,47	DE	Gold	0,6525	3/26/2018 - Canadian Tire Motorsports Park	12/7/2020 - Bathurst	7	8,1	2	81	80	99	0	0	6513,602	377,659	453	1466	1444	-22	17	1	1	4	22	31	63	71	77	6	2	4	2	Class B	5	False	False	
Stefan Frister	47295	Team in the Dirt again	2800	2,54	DE	Gold	1,0133	12/16/2019 - Summit Point	12/7/2020 - Bathurst	8	11,2	0	43	40	93	0	0	3247,727	106,501	293	616	595	-21	13	3	1	2	3	9	23	28	34	0	3	3	7	Class B	5	False	False	
Nino Riepl	47390	Speedworld Junior Team	1730	4,99	AT	Bronze	2,64	12/23/2019 - Circuit Gilles Villeneuve	12/7/2020 - Bathurst	9	19,5	0	13	10	77	0	0	901,66	0	51	80	57	-23	4	11	9	0	0	0	1	4	6	1	0	1	39	Class C	1	False	False	
Tobias Ritt	43426	Ahrtal Motorsport SimRacing	3116	3,43	DE	Silber	0,9458	9/16/2019 - Summit Point	12/7/2020 - Bathurst	10	9,2	2	56	48	86	0	0	3979,508	13,03	351	839	817	-22	14	1	2	0	4	11	34	44	45	2	0	2	12	Class B	3	False	False	
Alexander Wilfert	48565	-	2262	3,7	DE	Silber	0,5204	3/16/2020 - Okayama Full	12/7/2020 - Bathurst	11	13,1	0	36	36	100	0	0	2908,872	0	161	459	451	-8	12	6	5	0	0	2	12	26	31	6	3	0	9	Class B	3	False	False	
Ferdinand Lehn	56853	OSG SimRacing	1655	3,16		Bronze	100	10/5/2020 - Mosport	12/7/2020 - Bathurst	12	14	0	5	5	100	0	0	434,648	0	46	59	58	-1	11	16	9	0	0	0	1	3	5	0	1	0	25	Class C	1	False	False	
Gordon von den Bergen	44826	-	2161	3,26	DE	Eisen	0,7925	6/24/2019 - Road Atlanta Full	12/7/2020 - Bathurst	13	12,2	0	66	62	94	0	1	5233,525	3,943	437	846	826	-20	12	3	3	0	1	4	27	53	59	4	7	0	10	Class C	7	False	False	
Peter Mischek	46070	-	1649	2,62	DE		1,5852	9/21/2020 - Lime Rock Classic	12/7/2020 - Bathurst	14	17,9	0	10	9	90	0	0	746,017	0	64	77	67	-10	6	13	14	0	0	0	0	2	7	0	1	0	23	Class C	0	False	False	
Simon S Mayer	56614	Speedworld Junior Team	182	1,27		Bronze	1,2067	9/28/2020 - Interlagos Grand Prix	12/7/2020 - Bathurst	15	15,4	0	11	10	91	0	0	765,396	0	76	115	108	-7	9	9	8	0	0	0	2	8	9	0	1	0	15	Class D	1	False	False	
Andreas Beer	56390	OSG SimRacing	2349	3,33	DE	Bronze	0,5455	9/21/2020 - Lime Rock Classic	12/7/2020 - Bathurst	16	12,9	0	11	11	100	0	0	811,28	0	45	144	141	-3	12	7	8	0	0	0	4	8	11	2	0	0	11	Class A	1	False	False	
Daniel Lemm	57392	-	2315	4,76			1,3167	10/19/2020 - VIR Grand West	12/7/2020 - Bathurst	17	17,5	0	8	8	100	0	0	600,988	0	38	74	66	-8	8	12	12	0	0	0	0	3	6	1	0	0	19	Class A	0	False	False	
Oliver Nepraunig	46882	-	2731	3,52	AT	Bronze	1,7939	11/25/2019 - Sebring International	12/7/2020 - Bathurst	18	14,3	0	18	11	61	0	0	960,789	0	71	146	131	-15	7	8	5	0	0	1	4	7	10	2	0	0	36	Class A	1	False	False	
Stefan Krumbholz	25563	Ahrtal Motorsport SimRacing	2344	3,1	DE	Silber	1,0736	3/19/2018 - Lime Rock Park Full Course	12/7/2020 - Bathurst	19	11,2	0	72	67	93	0	0	5558,943	13,335	584	992	959	-33	13	3	3	0	2	15	40	52	66	4	9	1	6	Class B	3	False	False	
Thorsten Seifert	58166	-	1010	2,31			100	11/16/2020 - Zolder Grand Prix	12/7/2020 - Bathurst	20	23	0	4	3	75	0	0	268,598	0	40	16	13	-3	3	17	20	0	0	0	0	0	1	0	0	0	42	Class D	0	False	False	
Franz Mittendorfer	44704	-	2640	3,18	AT	Eisen	0,7089	6/17/2019 - Okayama Full	12/7/2020 - Bathurst	21	7,4	0	52	41	79	0	1	3793,989	0	241	762	749	-13	14	2	2	0	6	16	34	39	42	2	2	1	13	Class A	7	False	False	
Paul Bachler	53673	-	2784	3,55			100	12/7/2020 - Bathurst	12/7/2020 - Bathurst	22	0	0	1	0	0	0	0	19,311	0	5	5	4	-1	4	7	22	0	0	0	0	0	0	0	0	0	45	Class B	0	False	False	
Dragos Avasilcutei	41201	-	1907	1,23	AT	Silber	0,8583	1/7/2019 - Interlagos Grand Prix	11/30/2020 - Donnington GP	4	12,8	0	17	16	94	0	0	1334,09	0	101	215	208	-7	12	5	3	0	1	3	6	11	13	1	1	0	34	Class A	3	False	False	
Marcel Jeworutzki	57746	-	3600	3,54	DE		100	11/2/2020 - Belle Isle	11/30/2020 - Donnington GP	7	13,8	0	4	4	100	0	0	272,409	0	12	48	48	0	12	6	7	0	0	0	2	2	3	0	0	0	28	Class A	0	False	False	
Mohamed Bouallegue	57068	-	1631	2,31			100	10/12/2020 - Watkins Glen Classic	11/30/2020 - Donnington GP	14	18,9	0	8	6	75	0	0	473,085	0	64	50	45	-5	5	15	11	0	0	0	0	3	4	1	0	0	29	Class C	0	False	False	
Jan-Ole Waschkau	52223	Simracing by Konrad Motorsport	1542	2,87	DE	Bronze	0,6762	6/1/2020 - Circuit Gilles Villeneuve	11/30/2020 - Donnington GP	16	16,1	0	15	14	93	0	0	1137,669	0	82	141	137	-4	9	15	9	0	0	0	1	8	14	2	2	0	26	Class B	1	False	False	
Guido Grosch	5418	-	1757	4,99	DE	BronzePlus	0,4731	10/9/2017 - Road Atlanta Full Course	11/30/2020 - Donnington GP	17	17,5	0	88	83	94	0	0	6280,609	0	214	637	612	-25	6	6	6	0	0	0	6	27	68	34	3	0	21	Class A	2	False	False	
Sebastian Hollmichel	44705	Simracing by Konrad Motorsport	1848	2,49	DE	BronzePlus	0,7289	6/17/2019 - Okayama Full	11/30/2020 - Donnington GP	18	16,4	0	64	60	94	0	0	4809,357	0	296	570	546	-24	8	9	7	0	0	0	7	30	48	10	7	0	17	Class A	2	False	False	
Michael Buschke	56613	OSG SimRacing	1595	3,52	DE		100	9/28/2020 - Interlagos Grand Prix	11/30/2020 - Donnington GP	20	21,7	0	9	6	67	0	0	489,647	0	49	34	34	0	3	16	17	0	0	0	0	0	4	0	0	0	31	Class A	0	False	False	
Norbert Sulzer	17861	Speedworld Academy	7711	4,99	AT	Gold	1,56	5/7/2018 - Circuit de Spa-Francorchamps Classic Pits	11/23/2020 - Spa GP Pits	2	5,6	10	21	20	95	1	0	1654,277	678,683	123	422	399	-23	19	1	1	9	13	14	16	18	18	1	2	9	33	Class A	5	False	False	
MP Markus Perensky	50369	OSG SimRacing	1558	3,58		Bronze	0,6815	5/4/2020 - Brands Hatch Grand Prix	11/23/2020 - Spa GP Pits	15	14,9	0	22	18	82	0	0	1550,856	0	109	223	218	-5	9	9	10	0	0	0	1	12	21	2	1	0	14	Class C	1	False	False	
Julien Schroer	57944	-	2111	2,29			100	11/9/2020 - Industriefahrten	11/23/2020 - Spa GP Pits	17	12,5	0	2	2	100	0	0	125,484	0	4	26	26	0	13	15	8	0	0	0	1	1	2	1	0	0	32	Class A	0	False	False	
Martin Rennhofer	45261	Speedworld Junior Team	2979	1,4	AT	Eisen	2,9897	8/5/2019 - New Hampshire South Oval	11/23/2020 - Spa GP Pits	19	15,8	0	17	13	76	0	1	1095,803	0	103	141	109	-32	6	10	5	0	0	1	2	7	10	2	1	0	44	Class A	7	False	False	
Luca Bouwensch	49333	Speedworld Junior Team	1485	2,2		Bronze	2,2361	4/13/2020 - VIR Full	11/23/2020 - Spa GP Pits	21	16,2	0	28	24	86	0	0	2064,514	0	250	264	227	-37	8	9	8	0	0	0	1	12	22	0	2	0	22	Class C	1	False	False	
Rüdiger Schulte	47300	-	1525	2,13		Bronze	0,7678	12/16/2019 - Summit Point	11/23/2020 - Spa GP Pits	24	20,1	0	29	29	100	0	0	2017,998	0	184	181	171	-10	5	13	10	0	0	0	1	4	16	4	1	0	27	Class B	1	False	False	
Jürgen Frank	36944	SimRC.de	7902	4,99	DE	Platin	0,9873	2/26/2018 - Circuit Gilles Villeneuve	11/9/2020 - Industriefahrten	5	6,1	1	49	42	86	1	0	3338,595	694,139	277	952	929	-23	18	1	1	9	17	26	35	41	44	8	3	2	30	Class A	9	False	False	
Benjamin Köpke	56612	-	2477	2,36			100	9/28/2020 - Interlagos Grand Prix	11/9/2020 - Industriefahrten	16	11	0	4	4	100	0	0	313,05	7,914	31	65	59	-6	14	5	4	0	0	1	2	2	4	0	0	0	24	Class B	0	False	False	
Elena Bouwensch	49775	Speedworld Academy	1845	3,76		EisenMeister	0,6773	4/20/2020 - Industriefahrten	11/9/2020 - Industriefahrten	31	12,5	0	27	25	93	0	1	2137,948	0	119	337	328	-9	12	6	2	0	1	3	10	16	23	4	1	0	18	Class C	8	False	True	
Andre Grigulis	51948	-	2350	4,79	DE	Silber	0,4491	5/25/2020 - Oulton Park International	10/26/2020 - Tsukuba 2000 Full	19	10,4	0	19	19	100	0	0	1605,248	0	38	296	290	-6	15	10	6	0	0	0	13	17	19	6	4	0	16	Class B	3	False	False	
Tobias Trappe	39497	-	1930	2,79	DE	Silber	1,139	9/17/2018 - WeatherTech Raceway at Laguna Seca Full Course	10/12/2020 - Watkins Glen Classic	11	15	0	50	35	70	0	0	3188,951	0	313	364	345	-19	6	5	4	0	0	2	10	21	35	3	6	0	40	Class B	3	False	False	
Joerg Klempert	45963	-	2331	4,83	DE	BronzePlus	0,4667	9/23/2019 - Brands Hatch Indy	10/5/2020 - Mosport	11	14,7	0	29	28	97	0	0	2203,098	0	91	328	321	-7	11	11	7	0	0	0	8	20	24	9	0	0	41	Class A	2	False	False	
Paul Meyer2	48566	Team in the Dirt again	2113	3,74	DE	Bronze	1,8275	3/16/2020 - Okayama Full	10/5/2020 - Mosport	18	14,8	0	18	17	94	0	0	1586,68	0	181	203	184	-19	10	10	6	0	0	0	4	9	15	1	3	0	37	Class D	1	False	False	
Denis Cencig	56391	-	1414	2,74			100	9/21/2020 - Lime Rock Classic	10/5/2020 - Mosport	22	19	0	3	3	100	0	0	237,194	0	15	18	18	0	6	14	16	0	0	0	0	0	2	0	0	0	38	Class B	0	False	False	
Peter Goller	40948	-	2552	2,99	AT	Silber	1,62	11/25/2019 - Sebring International	9/28/2020 - Interlagos Grand Prix	5	9,4	0	13	10	77	0	0	858,475	15,642	48	188	175	-13	13	2	2	0	2	5	7	9	10	1	0	0	35	Class A	3	False	False	
Daniel Epkens	47557	-	1527	3,69	DE		100	9/28/2020 - Interlagos Grand Prix	9/28/2020 - Interlagos Grand Prix	27	27	0	1	0	0	0	0	0	0	0	0	0	0	0	28	27	0	0	0	0	0	0	0	0	0	46	Class A	0	False	False	
Gerrit Sturm	53927	-	2128	2,54		Bronze	1,2667	7/6/2020 - Zandvoort Grand Prix	9/21/2020 - Lime Rock Classic	18	12,8	0	10	9	90	0	0	749,054	0	66	132	125	-7	12	5	6	0	0	0	5	5	8	1	1	0	43	Class B	1	False	False	
Mickaël Buchet	52974	HexaGO Motorsports	1412	1,99			100	6/15/2020 - Summit Point	8/24/2020 - Circuit Gilles Villeneuve	16	19	0	5	4	80	0	0	403,648	0	44	37	33	-4	6	18	16	0	0	0	0	0	4	0	0	0	0	Class A	0	False	False	
Maik Rogin	22271	-	6424	4,99	DE	Bronze	6,3333	4/13/2020 - VIR Full	8/17/2020 - Zolder Grand Prix	21	16,4	0	17	16	94	0	0	1276,609	0	50	164	66	-98	3	9	8	0	0	0	2	4	14	5	1	0	0	Class A	1	False	False	
Markus Faehling	54966	-	1886	3,43	DE		100	8/3/2020 - Industriefahrten	8/3/2020 - Industriefahrten	10	10	0	1	1	100	0	0	145,775	0	3	16	16	0	16	25	10	0	0	0	1	1	1	0	0	0	0	Class B	0	False	False	
Christoph Volant	50368	-	1932	4,9	DE		100	5/4/2020 - Brands Hatch Grand Prix	8/3/2020 - Industriefahrten	11	14,8	0	5	5	100	0	0	365,412	0	21	56	55	-1	11	16	11	0	0	0	0	4	5	0	0	0	0	Class A	0	False	False	
Jens Roecher	34596	Maunz-Racing	2698	4,99	DE	Bronze	0,3714	10/9/2017 - Road Atlanta Full Course	8/3/2020 - Industriefahrten	14	15,2	0	14	14	100	0	0	978,751	0	63	133	132	-1	9	12	5	0	0	1	3	8	11	3	1	0	0	Class A	1	False	False	
Marcel Stemmer	52973	Simracing by Konrad Motorsport	2631	3,81	DE		100	6/15/2020 - Summit Point	8/3/2020 - Industriefahrten	23	19	0	2	1	50	0	0	119,823	0	13	10	10	0	5	22	19	0	0	0	0	0	1	0	0	0	0	Class B	0	False	False	
Simon Schulze	34921	Damaged Beyond Recognition	2730	4,32	DE	Gold	1,0142	9/25/2017 - Silverstone Circuit National	7/27/2020 - Donnington National	10	7,7	4	54	47	87	0	0	3431,373	121	325	879	853	-26	15	1	1	1	10	25	36	42	47	4	1	5	0	Class A	5	False	False	
Martina Lackner	44713	Speedworld Junior Team	2163	4		Silber	2,2889	6/17/2019 - Okayama Full	7/27/2020 - Donnington National	19	19,8	0	23	18	78	0	0	1286,822	3,957	123	147	114	-33	4	2	1	1	1	1	3	4	9	1	0	0	0	Class C	3	False	False	
Michael Ullrich	53926	-	2163	4,54			100	7/6/2020 - Zandvoort Grand Prix	7/13/2020 - VIR North	6	11	0	2	2	100	0	0	168,138	0	8	30	29	-1	14	7	6	0	0	0	1	1	2	0	0	0	0	Class B	0	False	False	
Markus Hipp	23705	-	1738	2,23	DE	Bronze	0,7282	1/8/2018 - Circuit de Spa-Francorchamps Classic Pits	7/6/2020 - Zandvoort Grand Prix	22	13,8	0	18	13	72	0	0	1027,78	0	127	178	177	-1	9	9	8	0	0	0	3	9	12	1	2	0	0	Class B	1	False	False	
Kai Hentschel	18766	-	1057	4,69		Bronze	0,359	3/19/2018 - Lime Rock Park Full Course	6/29/2020 - Mosport	13	18,4	0	18	13	72	0	0	1178,992	0	70	93	93	0	5	16	10	0	0	0	1	4	10	1	2	0	0	Class C	1	False	False	
Noah Brandl	52972	-	1076	2,19	DE		100	6/15/2020 - Summit Point	6/29/2020 - Mosport	15	17,7	0	3	3	100	0	0	246,678	0	23	24	23	-1	7	13	15	0	0	0	0	1	2	0	0	0	0	Class C	0	False	False	
Daniel Daum	36182	Speedworld Academy	3826	2,71	AT	Gold	1,6145	1/8/2018 - Circuit de Spa-Francorchamps Classic Pits	6/22/2020 - Spa GP Pits	11	7,6	4	28	23	82	1	0	2042,146	309,915	152	469	442	-27	15	1	1	5	8	12	21	22	23	2	0	1	0	Class C	5	False	False	
Lars Falke	53348	-	2181	2,56			100	6/22/2020 - Spa GP Pits	6/22/2020 - Spa GP Pits	24	0	0	1	0	0	0	0	77,011	0	6	2	2	0	2	17	24	0	0	0	0	0	0	0	0	0	0	Class A	0	False	False	
Daniel Gestl	45961	-	1309	3,59	AT		0,5273	9/23/2019 - Brands Hatch Indy	6/22/2020 - Spa GP Pits	26	20,2	0	28	22	79	0	0	1721,209	0	129	134	131	-3	4	17	12	0	0	0	0	2	11	4	2	0	0	Class C	0	False	False	
Marcel Fassbender	43082	SimRC.de	5999	2,38	DE	Gold	1,6508	10/28/2019 - Phoenix 2008 Road	6/15/2020 - Summit Point	6	5,8	0	23	21	91	0	0	1661,118	45,319	220	460	440	-20	19	3	1	1	7	11	18	21	21	0	3	4	0	Class A	5	False	False	
Hannes Hofbauer	50370	-	2024	3,63			100	5/4/2020 - Brands Hatch Grand Prix	6/1/2020 - Circuit Gilles Villeneuve	24	14	0	4	1	25	0	0	64,459	0	33	20	14	-6	3	8	14	0	0	0	0	1	1	0	0	0	0	Class D	0	False	False	
Lukas G. Gotsch	48563	-	3458	3,46	AT		100	3/16/2020 - Okayama Full	5/18/2020 - Belle Isle	3	5,5	0	6	4	67	0	0	311,9	0	32	84	78	-6	13	5	3	0	1	2	4	4	4	1	0	1	0	Class A	0	False	False	
Markus Ratzesberger	50797	-	1185	3,63	AT		100	5/11/2020 - Zandvoort Grand Prix	5/18/2020 - Belle Isle	20	19,5	0	2	2	100	0	0	160,423	0	3	12	12	0	6	20	19	0	0	0	0	0	2	0	0	0	0	Class C	0	False	False	
Thorsten Klinger	39044	Vicit eMotorsport Team	2286	3,77	DE	Silber	0,4627	7/30/2018 - Circuit of the Americas West	5/11/2020 - Zandvoort Grand Prix	21	11,2	0	52	50	96	0	0	4176,572	13,03	182	624	613	-11	11	2	2	0	2	8	26	42	44	14	2	0	0	Class A	3	False	False	
Joel Stampfli	32427	Damaged Beyond Recognition	1685	2,35	CH	Gold	0,6595	9/25/2017 - Silverstone Circuit National	5/4/2020 - Brands Hatch Grand Prix	15	12,5	1	45	37	82	0	0	3288,297	19,878	321	500	497	-3	11	1	1	2	3	5	19	28	37	4	6	0	0	Class B	5	False	False	
Stefan Rudhof	49102	-	1048	3,3			100	4/6/2020 - Charlotte Roval	5/4/2020 - Brands Hatch Grand Prix	24	25	0	3	2	67	0	0	172,074	0	12	4	4	0	1	19	24	0	0	0	0	0	0	0	0	0	0	Class B	0	False	False	
Thomas Kick2	30482	-	1973	2,5	DE		100	1/21/2019 - Tsukuba 2000 Full	5/4/2020 - Brands Hatch Grand Prix	26	10,5	0	9	4	44	0	0	435,265	0	48	63	58	-5	6	7	6	0	0	0	2	4	4	0	0	0	0	Class C	0	False	False	
Nico Schuk	46862	-	2820	3,34	DE		100	11/18/2019 - Summit Point	5/4/2020 - Brands Hatch Grand Prix	27	20	0	4	3	75	0	0	200,957	0	22	28	22	-6	5	8	8	0	0	0	1	2	2	0	0	0	0	Class B	0	False	False	
Andreas Stiefl	35938	Damaged Beyond Recognition	3013	4,99		BronzePlus	0,7576	1/8/2018 - Circuit de Spa-Francorchamps Classic Pits	4/27/2020 - Spa GP Pits	13	16,5	0	39	33	85	0	0	2636,308	0	270	300	293	-7	7	7	7	0	0	0	8	20	27	2	1	0	0	Class A	2	False	False	
Andreas Iwaschtschenko2	45183	-	2910	4,99	AT	SilberPlus	1,4879	7/22/2019 - Sebring International	4/27/2020 - Spa GP Pits	23	9,7	0	27	22	81	0	0	2020,205	40,558	116	354	329	-25	12	2	2	0	6	10	13	16	21	6	0	1	0	Class A	4	False	False	
Markus Unkhoff	49103	Ahrtal Motorsport SimRacing	986	3,33			100	4/6/2020 - Charlotte Roval	4/20/2020 - Industriefahrten	22	22	0	2	1	50	0	0	145,775	0	5	8	4	-4	2	22	22	0	0	0	0	0	0	0	0	0	0	Class A	0	False	False	
Wolfgang Reicht	46940	Speedworld Junior Team	959	2,29	AT		4,2083	12/2/2019 - Silverstone Grand Prix	4/20/2020 - Industriefahrten	24	19,2	0	11	8	73	0	0	679,928	0	85	59	31	-28	2	15	12	0	0	0	0	2	5	1	0	0	0	Class B	0	False	False	
Simon Grossmann	21414	SimRC.de	5833	4,99	DE		100	3/16/2020 - Okayama Full	4/20/2020 - Industriefahrten	26	4	0	5	2	40	0	0	151,042	3,724	22	48	47	-1	9	3	1	1	1	1	2	2	2	0	0	0	0	Class A	0	False	False	
Hakan Argun	49101	Speedworld Junior Team	619	2,75	AT		100	4/6/2020 - Charlotte Roval	4/13/2020 - VIR Full	27	11	0	2	1	50	0	0	69,711	0	13	14	14	0	7	15	11	0	0	0	0	1	1	0	0	0	0	Class D	0	False	False	
Alexander Nichotz	41367	Vicit eMotorsport Team	909	3,71	DE		0,5524	1/14/2019 - Mid-Ohio Full	4/6/2020 - Charlotte Roval	25	27,9	0	8	7	88	0	0	509,675	0	43	7	6	-1	0	19	20	0	0	0	0	0	1	0	0	0	0	Class C	0	False	False	
Felix Luding	46337	SimRC.de	7232	3,08	DE	Bronze	100	10/28/2019 - Phoenix 2008 Road	4/6/2020 - Charlotte Roval	28	3,8	1	10	6	60	0	0	445,184	32,77	58	141	137	-4	13	1	2	0	3	5	6	6	6	0	0	0	0	Class A	1	False	False	
Bernd Oswald	35939	ART Austria Racing Team	3339	4,41	AT	Gold	0,4606	1/8/2018 - Circuit de Spa-Francorchamps Classic Pits	3/23/2020 - Barcelona National	27	9,9	2	47	44	94	0	0	3474,871	147,469	154	743	733	-10	15	1	1	2	9	24	30	34	38	11	1	0	0	Class A	5	False	False	
Florian Schaden	48564	-	796	2,24	AT		100	3/16/2020 - Okayama Full	3/16/2020 - Okayama Full	17	17	0	1	1	100	0	0	52,136	0	1	8	8	0	8	24	17	0	0	0	0	0	1	0	0	0	0	Class C	0	False	False	
Martin Bauermann	41044	RMD Motorsport	1749	2,39	DE	BronzePlus	0,9154	1/7/2019 - Interlagos Grand Prix	3/16/2020 - Okayama Full	20	14,3	0	30	26	87	0	0	2206,931	0	222	291	282	-9	9	9	4	0	0	1	6	17	25	1	3	0	0	Class A	2	False	False	
Andrea Aymon	36682	Lapped Turtles	4613	4,87	CH	Gold	0,8072	2/12/2018 - Mazda Raceway Laguna Seca Full Course	3/16/2020 - Okayama Full	22	5,8	5	38	37	97	0	0	2715,917	273,671	223	738	723	-15	19	1	1	4	14	25	31	34	36	4	0	9	0	Class A	5	False	False	
Willi Schwabauer	45803	-	2058	2,66	DE	BronzePlus	0,959	9/16/2019 - Summit Point	3/16/2020 - Okayama Full	23	11,9	0	14	13	93	0	0	1063,433	0	97	190	184	-6	13	7	5	0	0	2	8	10	11	0	3	0	0	Class A	2	False	False	
Christian Siebrecht	45802	-	1936	3,58	DE	Bronze	1,0542	9/16/2019 - Summit Point	3/2/2020 - Silverstone National	12	16,6	0	16	16	100	0	0	1262,287	0	73	163	151	-12	9	11	9	0	0	0	2	8	12	1	3	0	0	Class B	1	False	False	
Djeijn Dobric	47299	Speedworld Junior Team	0	2,88	AT		100	12/16/2019 - Summit Point	3/2/2020 - Silverstone National	15	27	0	2	2	100	0	0	194,626	0	19	11	7	-4	3	12	15	0	0	0	0	1	1	0	0	0	0	Rookie	0	False	False	
Simon Mayer	47849	-	2188	3,35			100	1/27/2020 - Oran Park Moto	3/2/2020 - Silverstone National	19	17,2	0	4	4	100	0	0	285,814	0	27	30	29	-1	7	17	11	0	0	0	0	2	3	0	1	0	0	Class C	0	False	False	
Tim Berti	25941	SimRC.de	5102	4,84	DE	Platin	0,2914	9/25/2017 - Silverstone Circuit National	3/2/2020 - Silverstone National	22	3,9	10	37	35	95	1	0	2631,082	577,207	138	848	847	-1	22	1	1	10	26	27	31	33	36	13	1	7	0	Class A	9	False	False	
Patrick Jung	27515	SimRC.de	3063	3,12	DE		100	5/7/2018 - Circuit de Spa-Francorchamps Classic Pits	3/2/2020 - Silverstone National	23	20,7	0	4	2	50	0	0	212,343	0	49	23	16	-7	4	11	17	0	0	0	0	0	1	0	0	0	0	Class A	0	False	False	
Markus Feirer	48435	-	1342	4,99	DE		100	3/2/2020 - Silverstone National	3/2/2020 - Silverstone National	26	26	0	1	1	100	0	0	118,71	0	6	7	-5	-12	-5	8	26	0	0	0	0	0	0	0	0	0	0	Class C	0	False	False	
Patrick R Kessler	37385	SimRC.de	5107	4,99	CH		0,5619	5/7/2018 - Circuit de Spa-Francorchamps Classic Pits	2/24/2020 - Barcelona Historic	11	18,4	0	7	7	100	0	0	433,972	0	14	53	50	-3	7	14	11	0	0	0	0	2	4	4	0	0	0	Class A	0	False	False	
Andreas Mütz2	47298	Satzmit17x	2541	4,09	DE	Bronze	100	12/16/2019 - Summit Point	2/24/2020 - Barcelona Historic	17	16,4	0	5	5	100	0	0	367,797	0	16	50	50	0	10	8	6	0	0	0	1	2	4	2	0	0	0	Class A	1	False	False	
Steffen Herrmann	36402	SimRC.de	6427	2,23	DE	Bronze	100	12/16/2019 - Summit Point	2/24/2020 - Barcelona Historic	19	13,8	0	5	5	100	0	0	351,443	0	49	61	60	-1	12	6	9	0	0	0	2	3	5	0	1	0	0	Class A	1	False	False	
Helmut Baum	45459	Speedworld Academy	3501	3,23	DE	Silber	1,3515	8/19/2019 - Watkins Glen Cup	2/24/2020 - Barcelona Historic	26	7,8	3	13	11	85	0	0	926,831	127,661	43	223	211	-12	16	1	1	2	3	5	8	10	11	2	0	1	0	Class A	3	False	False	
Jochen Friedrich	46217	Satzmit17x	3345	3,09	DE	BronzePlus	0,8278	10/14/2019 - Outlon Park Fosters	2/17/2020 - Oulton Park Island Historic	13	10,3	0	14	12	86	0	0	941,214	0	59	187	181	-6	12	2	4	0	0	1	7	10	12	4	0	0	0	Class A	2	False	False	
Jörn Kretzschmar	45800	-	1495	3,18	DE	Bronze	0,7056	9/16/2019 - Summit Point	2/17/2020 - Oulton Park Island Historic	15	19,6	0	14	12	86	0	0	825,021	0	52	89	84	-5	6	18	10	0	0	0	1	3	9	2	0	0	0	Class A	1	False	False	
Alexander Burghardt	47301	-	1545	3,47			100	12/16/2019 - Summit Point	2/10/2020 - New Hampshire Road	11	21,5	0	8	6	75	0	0	528,738	0	31	34	26	-8	3	18	11	0	0	0	0	1	2	1	0	0	0	Class B	0	False	False	
Timo Siebert	39608	Newman-Simracing	2073	3,53	DE	Bronze	1,2293	9/17/2018 - WeatherTech Raceway at Laguna Seca Full Course	2/10/2020 - New Hampshire Road	15	18,2	0	29	25	86	0	0	2341,776	0	221	174	158	-16	5	7	6	0	0	0	4	12	18	2	0	0	0	Class A	1	False	False	
Andreas Buchmann	35303	-	2075	4,8	AT	Silber	0,26	10/23/2017 - Phillip Island Circuit	2/3/2020 - Zandvoort Grand Prix	12	11,3	0	30	30	100	0	0	2040,76	11,588	87	399	397	-2	13	3	5	0	0	2	17	26	28	8	0	0	0	Class B	3	False	False	
Philipp Biel	47297	-	1497	3,26			100	12/16/2019 - Summit Point	1/20/2020 - Phillip Island	20	26	0	5	3	60	0	0	332,89	0	21	16	12	-4	2	21	14	0	0	0	0	1	2	0	0	0	0	Class C	0	False	False	
Steve Ilija2	39496	Ahrtal Motorsport SimRacing	934	2,79		Bronze	1,7487	9/17/2018 - WeatherTech Raceway at Laguna Seca Full Course	1/20/2020 - Phillip Island	25	18,1	0	20	13	65	0	0	1391,69	0	131	107	93	-14	4	7	10	0	0	0	1	8	11	1	3	0	0	Class C	1	False	False	
Roman Cajka	34590	Positive SimRacing	2107	2,64	CH	Gold	1,2261	9/25/2017 - Silverstone Circuit National	1/20/2020 - Phillip Island	29	8,1	0	26	23	88	0	0	1663,835	7,66	228	424	411	-13	15	2	1	1	6	12	18	21	21	0	1	1	0	Class A	5	False	False	
Marcel Huwyler	26395	Motedis SimRacing	4487	3,5	CH		100	1/7/2019 - Interlagos Grand Prix	1/6/2020 - Tsukuba 2000 Full	18	10,3	0	6	3	50	0	0	290,69	0	33	40	38	-2	6	8	4	0	0	1	2	2	3	1	2	0	0	Class A	0	False	False	
Uwe Länger	25734	Motedis SimRacing	1959	2,06	DE	Bronze	1,2519	9/25/2017 - Silverstone Circuit National	1/6/2020 - Tsukuba 2000 Full	24	16,1	0	9	9	100	0	0	503,382	0	49	92	84	-8	9	11	8	0	0	0	2	4	6	0	0	0	0	Class A	1	False	False	
Andreas Moor	47483	-	2080	2,89	DE		100	12/30/2019 - Brands Hatch Grand Prix	1/6/2020 - Tsukuba 2000 Full	40	0	0	2	0	0	0	0	64,995	0	15	0	0	0	0	22	29	0	0	0	0	0	0	0	0	0	0	Class B	0	False	False	
Julien Werner	38345	-	296	1,95			100	1/6/2020 - Tsukuba 2000 Full	1/6/2020 - Tsukuba 2000 Full	45	45	0	1	1	100	0	0	44,968	0	6	0	-3	-3	-3	40	45	0	0	0	0	0	0	0	0	0	0	Class D	0	False	False	
Sebastian Gesche	45798	Element Simracing	2271	4,68	DE		100	9/16/2019 - Summit Point	12/30/2019 - Brands Hatch Grand Prix	19	16,2	0	5	4	80	0	0	350,829	0	24	39	36	-3	7	20	14	0	0	0	0	2	4	1	1	0	0	Class A	0	False	False	
Marcel Seidel	25464	Damaged Beyond Recognition	2195	2,43	DE	Silber	0,3838	9/25/2017 - Silverstone Circuit National	12/23/2019 - Circuit Gilles Villeneuve	10	10	0	34	33	97	0	0	2375,819	46,352	190	472	472	0	13	3	2	0	4	8	23	29	32	4	5	0	0	Class A	3	False	False	
Marko Winkler2	39770	Vicit eMotorsport Team	1863	2,69	DE	Bronze	0,9	9/24/2018 - Twin Ring Motegi East	12/23/2019 - Circuit Gilles Villeneuve	17	14,4	0	16	12	75	0	0	1247,825	0	102	120	116	-4	7	7	8	0	0	0	4	7	11	0	0	0	0	Class B	1	False	False	
Jens Paul	22592	-	1261	2,39	DE		100	12/23/2019 - Circuit Gilles Villeneuve	12/23/2019 - Circuit Gilles Villeneuve	32	0	0	1	0	0	0	0	13,083	0	6	0	0	0	0	41	32	0	0	0	0	0	0	0	0	0	0	Class A	0	False	False	
Joern Tietje	41203	-	2124	3,81	DE	Eisen	0,8	1/7/2019 - Interlagos Grand Prix	12/23/2019 - Circuit Gilles Villeneuve	37	14,8	0	46	45	98	0	1	3779,285	0	195	438	415	-23	9	3	3	0	3	7	17	26	34	9	2	0	0	Class A	7	False	False	
Daniel Asbrock	47391	Vicit eMotorsport Team	0	2,5	DE		100	12/23/2019 - Circuit Gilles Villeneuve	12/23/2019 - Circuit Gilles Villeneuve	39	39	0	1	1	100	0	0	43,61	0	17	0	-7	-7	-7	38	39	0	0	0	0	0	0	0	0	0	0	Rookie	0	False	False	
Andre Heuser	47392	-	1039	2,43	DE		100	12/23/2019 - Circuit Gilles Villeneuve	12/23/2019 - Circuit Gilles Villeneuve	40	0	0	1	0	0	0	0	30,527	0	8	0	-7	-7	-7	35	40	0	0	0	0	0	0	0	0	0	0	Class C	0	False	False	
Jens Weber	24548	-	1489	3,1	DE		0,6	9/16/2019 - Summit Point	12/16/2019 - Summit Point	24	19,2	0	12	11	92	0	0	831,374	0	69	76	74	-2	6	15	11	0	0	0	0	2	8	0	1	0	0	Class A	0	False	False	
Marcel Raupach	47302	-	2894	3,44	DE		100	12/16/2019 - Summit Point	12/16/2019 - Summit Point	32	0	0	1	0	0	0	0	0	0	0	0	0	0	0	42	32	0	0	0	0	0	0	0	0	0	0	Class A	0	False	False	
Rudolf Hemetsberger	9397	-	1261	4,86			100	12/2/2019 - Silverstone Grand Prix	12/2/2019 - Silverstone Grand Prix	20	20	0	1	0	0	0	0	98,498	0	5	7	6	-1	6	18	20	0	0	0	0	0	1	0	0	0	0	Class C	0	False	False	
Ralf Grauer	46863	-	2028	3,32	DE		100	11/18/2019 - Summit Point	11/25/2019 - Sebring International	20	20,5	0	2	2	100	0	0	94,596	0	17	11	10	-1	5	12	20	0	0	0	0	0	1	0	0	0	0	Class B	0	False	False	
Hagen Leibbrand	41364	Damaged Beyond Recognition	2864	4,09	DE	Silber	0,5804	1/14/2019 - Mid-Ohio Full	11/18/2019 - Summit Point	23	7,1	1	22	17	77	0	0	1421,685	64,554	88	328	324	-4	14	1	1	2	7	11	13	17	17	2	3	2	0	Class A	3	False	False	
Josef Zatko	45962	-	1309	2,26	DE		100	9/23/2019 - Brands Hatch Indy	11/11/2019 - Road America Full	18	21,8	0	5	5	100	0	0	436,851	0	44	26	20	-6	4	16	18	0	0	0	0	0	2	0	0	0	0	Class A	0	False	False	
Werner Geiser	46482	-	1196	4,46	CH		100	11/4/2019 - Oran Park Grand Prix	11/11/2019 - Road America Full	21	16,5	0	2	2	100	0	0	192,863	0	6	19	19	0	9	18	12	0	0	0	0	1	1	0	0	0	0	Class C	0	False	False	
Daniel Muth	34589	Damaged Beyond Recognition	4040	4,35	DE	GoldPlus	0,6295	9/25/2017 - Silverstone Circuit National	11/4/2019 - Oran Park Grand Prix	2	8,8	5	46	43	93	0	0	2886,193	477,932	301	778	771	-7	16	1	1	6	17	20	28	35	40	2	2	5	0	Class B	6	False	False	
Bernd Pfaff	45797	BP Motorsport	1774	2,52	DE		100	9/16/2019 - Summit Point	10/28/2019 - Phoenix 2008 Road	19	17,6	0	5	5	100	0	0	358,918	0	25	48	38	-10	7	14	12	0	0	0	0	3	4	0	1	0	0	Class A	0	False	False	
Michael Reumel	19519	-	1775	4,22	DE	Silber	0,6759	1/15/2018 - Virginia International Raceway Grand West	10/28/2019 - Phoenix 2008 Road	23	10,7	0	68	36	53	0	0	3285,697	8,598	170	575	562	-13	8	6	3	0	1	4	23	32	43	18	1	0	0	Class A	3	False	False	
Detlef Werner	45801	-	1355	3,12	DE		100	9/16/2019 - Summit Point	10/14/2019 - Outlon Park Fosters	20	17	0	5	4	80	0	0	308,576	0	38	34	31	-3	6	13	14	0	0	0	0	1	4	0	0	0	0	Class C	0	False	False	
Wolfgang Loder	45807	-	1197	2,63	AT		100	9/16/2019 - Summit Point	10/14/2019 - Outlon Park Fosters	23	25,5	0	2	2	100	0	0	104,416	0	20	2	2	0	1	25	23	0	0	0	0	0	0	0	0	0	0	Class C	0	False	False	
Kai Schweitzer	44708	-	1275	3,12	DE	Bronze	1,1333	6/17/2019 - Okayama Full	10/7/2019 - Suzuka Grand Prix	25	12,9	0	8	8	100	0	0	679,981	0	46	73	67	-6	8	10	8	0	0	0	3	7	7	0	0	0	0	Class A	1	False	False	
Markos Meyer	40954	-	1587	1,73	DE	BronzePlus	0,6549	1/7/2019 - Interlagos Grand Prix	9/30/2019 - New Hampshire South Oval	11	12,4	0	18	17	94	0	0	1493,731	0	122	190	187	-3	10	7	4	0	0	1	7	12	18	0	3	0	0	Class B	2	False	False	
Dmytro Goncharov	34011	-	1540	2,62	DE		100	9/16/2019 - Summit Point	9/30/2019 - New Hampshire South Oval	16	14	0	2	2	100	0	0	179,554	0	7	23	23	0	11	20	12	0	0	0	0	1	2	0	0	0	0	Class B	0	False	False	
Matthias Wurm	10460	-	1628	2,3	DE		100	9/30/2019 - New Hampshire South Oval	9/30/2019 - New Hampshire South Oval	21	0	0	1	0	0	0	0	0	0	2	4	4	0	4	10	21	0	0	0	0	0	0	0	0	0	0	Class B	0	False	False	
Lukas Klein	45799	-	1367	3,1	DE		100	9/16/2019 - Summit Point	9/23/2019 - Brands Hatch Indy	9	14	0	2	2	100	0	0	103,62	0	10	26	23	-3	11	10	9	0	0	0	1	1	2	0	0	0	0	Class D	0	False	False	
Dennis Mors	45804	-	1637	2,92	DE		100	9/16/2019 - Summit Point	9/23/2019 - Brands Hatch Indy	12	19,5	0	2	2	100	0	0	97,248	0	14	14	14	0	7	23	12	0	0	0	0	1	1	0	1	0	0	Class A	0	False	False	
Fabian Kreis	45964	-	1120	2,72	CH		100	9/23/2019 - Brands Hatch Indy	9/23/2019 - Brands Hatch Indy	21	21	0	1	1	100	0	0	42,416	0	9	3	3	0	3	24	21	0	0	0	0	0	0	0	0	0	0	Class C	0	False	False	
Tim Matzke	38617	Maniti Racing	4976	2,27	DE	Silber	1,2	3/18/2019 - Summit Point	9/23/2019 - Brands Hatch Indy	27	4,7	0	14	11	79	0	0	1049,948	58,789	123	204	199	-5	14	2	1	1	4	8	12	12	12	0	1	1	0	Class A	3	False	False	
Stephan Faessler	45965	-	1167	2,71			100	9/23/2019 - Brands Hatch Indy	9/23/2019 - Brands Hatch Indy	30	0	0	1	0	0	0	0	17,352	0	10	0	-4	-4	-4	27	30	0	0	0	0	0	0	0	0	0	0	Class D	0	False	False	
Andreas Wiese	45796	Wiese SimRacing	1496	2,8	DE		100	9/16/2019 - Summit Point	9/16/2019 - Summit Point	10	10	0	1	1	100	0	0	57,348	0	1	16	16	0	16	17	10	0	0	0	1	1	1	0	0	0	0	Class B	0	False	False	
Stefan Hohmann	8950	-	1394	2,74	DE		100	9/16/2019 - Summit Point	9/16/2019 - Summit Point	22	22	0	1	1	100	0	0	57,348	0	0	3	3	0	3	22	22	0	0	0	0	0	0	1	0	0	0	Class A	0	False	False	
Andreas Topp	25735	-	798	4,15	DE		100	9/16/2019 - Summit Point	9/16/2019 - Summit Point	25	25	0	1	1	100	0	0	54,162	0	0	0	0	0	0	32	25	0	0	0	0	0	0	0	0	0	0	Class A	0	False	False	
Niklas Rex	45805	-	1201	2,79	DE		100	9/16/2019 - Summit Point	9/16/2019 - Summit Point	34	34	0	1	1	100	0	0	50,976	0	11	0	-3	-3	-3	26	34	0	0	0	0	0	0	0	0	0	0	Class D	0	False	False	
Patrick Grocholla	45806	-	1334	2,71	DE		100	9/16/2019 - Summit Point	9/16/2019 - Summit Point	35	35	0	1	1	100	0	0	50,976	0	8	0	-4	-4	-4	31	35	0	0	0	0	0	0	0	0	0	0	Class D	0	False	False	
Urs Müller	40652	-	1646	3,28	CH	BronzePlus	0,6139	1/7/2019 - Interlagos Grand Prix	9/2/2019 - Suzuka Grand Prix	7	12,8	0	26	24	92	0	0	2117,404	0	161	252	248	-4	9	4	4	0	0	3	8	20	24	2	4	0	0	Class B	2	False	False	
Christian Greule	34606	Damaged Beyond Recognition	1711	2,21	DE	Silber	0,6444	9/25/2017 - Silverstone Circuit National	8/26/2019 - Silverstone Grand Prix	6	13,7	0	46	45	98	0	0	3062,976	0	195	522	506	-16	11	4	5	0	0	1	15	29	40	5	1	0	0	Class A	3	False	False	
Michael Grellmann	44706	-	1212	4,97	DE	Bronze	100	6/17/2019 - Okayama Full	8/5/2019 - New Hampshire South Oval	12	12,8	0	6	6	100	0	0	415,263	0	23	47	46	-1	7	9	8	0	0	0	2	4	6	2	1	0	0	Class C	1	False	False	
Matthias Hoennscheidt	45258	-	2293	3,14	DE		100	7/29/2019 - Laguna Seca	7/29/2019 - Laguna Seca	3	3	0	1	1	100	0	0	54,03	0	2	19	19	0	19	4	3	0	1	1	1	1	1	0	0	0	0	Class A	0	False	False	
Ralph Obst	45260	-	1426	2,53	DE		100	7/29/2019 - Laguna Seca	7/29/2019 - Laguna Seca	7	7	0	1	1	100	0	0	54,03	0	4	13	13	0	13	19	7	0	0	0	1	1	1	0	0	0	0	Class B	0	False	False	
Kevin T. Kreser	44710	-	2337	3,45	DE	Bronze	100	6/17/2019 - Okayama Full	7/29/2019 - Laguna Seca	18	9,4	0	7	5	71	0	0	434,939	0	49	66	65	-1	9	3	5	0	0	1	3	5	7	1	1	0	0	Class C	1	False	False	
Stefan Kaczykowski	34926	-	734	2,43	DE		100	6/17/2019 - Okayama Full	7/8/2019 - Oran Park Grand Prix	12	14	0	3	2	67	0	0	102,97	0	13	14	14	0	4	14	12	0	0	0	0	1	3	0	0	0	0	Class C	0	False	False	
Lukas Dearing2	44825	Schnitzel Racing	1746	3,42	AT		100	6/24/2019 - Road Atlanta Full	7/1/2019 - Road America Full	10	11	0	2	2	100	0	0	211,165	0	16	23	19	-4	9	6	10	0	0	0	1	2	2	0	0	0	0	Class B	0	False	False	
Thilo Bonkowski2	41368	-	949	2,61	DE	Bronze	3,5238	1/14/2019 - Mid-Ohio Full	7/1/2019 - Road America Full	17	21,4	0	12	7	58	0	0	773,563	0	85	35	16	-19	1	9	9	0	0	0	1	2	6	0	0	0	0	Class C	1	False	False	
Kevin Kunz	44712	-	1461	2,38	DE		100	6/17/2019 - Okayama Full	7/1/2019 - Road America Full	18	9	0	3	1	33	0	0	162,777	0	21	13	13	0	4	14	9	0	0	0	1	1	2	0	0	0	0	Class C	0	False	False	
Stefan Schuster	42802	Maniti Racing	1093	1,33	DE		0,7407	3/18/2019 - Summit Point	7/1/2019 - Road America Full	19	16,2	0	9	9	100	0	0	667,998	0	55	46	43	-3	4	9	11	0	0	0	0	5	7	1	0	0	0	Class A	0	False	False	
Danny Reuther	44902	-	1055	2,67	DE		100	7/1/2019 - Road America Full	7/1/2019 - Road America Full	22	0	0	1	0	0	0	0	39,09	0	8	1	-2	-3	-2	22	22	0	0	0	0	0	0	0	0	0	0	Class C	0	False	False	
Kevin Ott	44711	-	1252	1,56	CH		100	6/17/2019 - Okayama Full	6/24/2019 - Road Atlanta Full	8	13,5	0	2	2	100	0	0	109,732	0	21	15	14	-1	7	13	8	0	0	0	1	1	2	0	1	0	0	Class C	0	False	False	
Marvin Wegh	44707	VIKING Motorsport.DE	2682	4,95	DE		100	6/17/2019 - Okayama Full	6/24/2019 - Road Atlanta Full	10	10	0	2	2	100	0	0	113,456	0	16	19	19	0	9	8	10	0	0	0	2	2	2	0	0	0	0	Class A	0	False	False	
Helmut Weber3	36541	-	1246	2,63	DE	Bronze	100	1/29/2018 - Snetterton Circuit 200	6/24/2019 - Road Atlanta Full	16	10,2	0	6	5	83	0	0	405,388	0	28	68	62	-6	10	10	6	0	0	0	3	4	5	0	0	0	0	Class B	1	False	False	
Jan-Eike Zanders	43367	Maniti Racing	1188	2,51	DE		100	4/29/2019 - Bathurst	6/24/2019 - Road Atlanta Full	18	17	0	4	3	75	0	0	209,838	0	44	12	10	-2	2	10	16	0	0	0	0	0	3	0	0	0	0	Class C	0	False	False	
Markus Kavelar	44827	Schnitzel Racing	832	2,78	AT		100	6/24/2019 - Road Atlanta Full	6/24/2019 - Road Atlanta Full	19	19	0	1	1	100	0	0	61,32	0	4	2	2	0	2	20	19	0	0	0	0	0	1	0	0	0	0	Class D	0	False	False	
Oliver C. Gausmann	44709	-	1206	2,72	DE		100	6/17/2019 - Okayama Full	6/17/2019 - Okayama Full	15	15	0	1	1	100	0	0	52,136	0	7	6	6	0	6	17	15	0	0	0	0	1	1	0	0	0	0	Class B	0	False	False	
Jens Homann	39493	Raceline Simsports	3518	4,09	DE	Bronze	1,4095	9/17/2018 - WeatherTech Raceway at Laguna Seca Full Course	6/17/2019 - Okayama Full	29	13,4	0	9	7	78	0	0	597,941	0	58	61	55	-6	6	6	7	0	0	0	3	5	6	0	0	0	0	Class A	1	False	False	
Patrick Forster	41365	-	2586	3,51	DE	BronzePlus	0,7222	1/14/2019 - Mid-Ohio Full	6/3/2019 - Monza Grand Prix	4	9,8	1	13	12	92	0	0	1114,802	3,83	70	157	153	-4	11	1	4	0	0	2	9	11	11	1	1	0	0	Class B	2	False	False	
Boris Gruber	43790	-	1254	3,19	DE	Bronze	100	4/8/2019 - Road America Full	5/27/2019 - Barber Full	7	13,3	0	6	5	83	0	0	365,044	11,007	29	54	45	-9	7	5	7	0	0	0	2	5	5	1	1	0	0	Class C	1	False	False	
Frank Deckert	42801	Maniti Racing	1300	3,4	DE	Bronze	0,581	3/18/2019 - Summit Point	5/27/2019 - Barber Full	10	15,8	0	9	7	78	0	0	695,288	0	46	50	49	-1	5	10	10	0	0	0	1	6	8	1	0	0	0	Class B	1	False	False	
Rocco Koether	39500	Maniti Racing	648	2,43	DE		100	9/17/2018 - WeatherTech Raceway at Laguna Seca Full Course	5/27/2019 - Barber Full	11	15,3	0	8	6	75	0	0	535,24	0	48	39	38	-1	4	13	11	0	0	0	0	3	7	0	0	0	0	Class C	0	False	False	
Ivan Hernandez	28728	-	4021	3,17	DE		100	5/20/2019 - Watkins Glen Boot	5/20/2019 - Watkins Glen Boot	6	6	0	1	1	100	0	0	60,192	0	3	16	15	-1	15	6	6	0	0	0	1	1	1	0	0	0	0	Class A	0	False	False	
Florian Heer	44219	-	2060	4,99	DE		100	5/6/2019 - Suzuka Grand Prix	5/6/2019 - Suzuka Grand Prix	10	10	0	1	1	100	0	0	63,888	0	4	11	11	0	11	8	10	0	0	0	1	1	1	0	0	0	0	Class A	0	False	False	
Christoph Rudolph	40967	-	1386	2,59	DE	Bronze	1,4489	1/7/2019 - Interlagos Grand Prix	5/6/2019 - Suzuka Grand Prix	12	17,9	0	16	15	94	0	0	1306,109	0	116	108	94	-14	5	9	10	0	0	0	1	7	11	0	0	0	0	Class B	1	False	False	
Andreas Katz	16988	Atomic Motorsports	6224	4,99	DE	Silber	0,8185	4/30/2018 - Circuit Gilles Villeneuve	4/15/2019 - Interlagos Grand Prix	3	5,3	4	22	18	82	0	0	1251,303	385,542	131	411	405	-6	18	1	1	5	13	14	17	17	19	1	1	0	0	Class A	3	False	False	
Johannes Ziegert	37963	SimRC.de	2218	3,55	DE	Bronze	100	5/21/2018 - Circuit Park Zandvoort Club	4/8/2019 - Road America Full	6	7	0	5	5	100	0	0	377,094	16,416	27	90	89	-1	17	2	4	0	0	2	4	5	5	1	0	0	0	Class D	1	False	False	
Markus Fluch	42571	ART Austria Racing Team	1425	3,72	AT		100	3/4/2019 - Watkins Glen Classic Boot	4/8/2019 - Road America Full	7	10,5	0	4	4	100	0	0	417,018	0	23	47	46	-1	11	14	7	0	0	0	2	3	4	0	1	0	0	Class B	0	False	False	
Bernd Lucas	42800	-	703	3,23			100	3/18/2019 - Summit Point	4/8/2019 - Road America Full	12	13	0	3	3	100	0	0	178,818	0	8	22	22	0	7	14	12	0	0	0	0	3	3	0	1	0	0	Class C	0	False	False	
Harald Lannig	41498	-	1515	2,83	DE		100	1/21/2019 - Tsukuba 2000 Full	4/8/2019 - Road America Full	25	15	0	3	1	33	0	0	159,306	0	24	11	4	-7	1	15	15	0	0	0	0	1	1	0	0	0	0	Class C	0	False	False	
Reiko Arnold	37204	-	1933	4,47	DE	Bronze	0,4762	3/19/2018 - Lime Rock Park Full Course	3/25/2019 - Sebring Club	12	16,6	0	7	7	100	0	0	401,776	0	35	60	59	-1	8	9	7	0	0	0	1	5	5	1	1	0	0	Class A	1	False	False	
Aron Kertesz	37206	-	1303	1,54	DE	Bronze	1,0857	3/19/2018 - Lime Rock Park Full Course	3/18/2019 - Summit Point	11	17,7	0	32	28	88	0	0	2257,832	0	291	226	215	-11	6	14	10	0	0	0	1	13	24	0	0	0	0	Class A	1	False	False	
David Daum	36172	Speedworld Academy	3747	3,45	AT	Silber	3,3282	1/8/2018 - Circuit de Spa-Francorchamps Classic Pits	3/4/2019 - Watkins Glen Classic Boot	1	10,8	6	19	13	68	0	0	1083,62	207,235	184	296	265	-31	13	1	1	2	5	7	11	11	13	0	1	5	0	Class C	3	False	False	
Paul Stump	34595	-	2645	4,37	CH	Silber	0,3333	9/25/2017 - Silverstone Circuit National	3/4/2019 - Watkins Glen Classic Boot	7	10,2	0	28	28	100	0	0	1993,47	0	95	415	412	-3	14	6	4	0	0	3	18	25	26	8	0	0	0	Class A	3	False	False	
Karl Thomas Daum	35935	Speedworld Academy	3883	3,27	AT	Silber	3,149	1/8/2018 - Circuit de Spa-Francorchamps Classic Pits	3/4/2019 - Watkins Glen Classic Boot	11	9,5	0	20	17	85	0	0	1203,175	97,064	173	322	280	-42	14	2	1	2	4	5	10	13	16	0	0	0	0	Class B	3	False	False	
Ingo Henry Paulowicz	38271	Dragon Motorsport	2101	4,99	DE	BronzePlus	0,5152	6/18/2018 - Okayama International Circuit Short	3/4/2019 - Watkins Glen Classic Boot	17	11,9	0	25	22	88	0	0	2013,739	0	95	285	280	-5	11	6	5	0	0	2	8	19	22	3	4	0	0	Class A	2	False	False	
Roman IMS Imschweiler	41202	-	1428	2,37			100	1/7/2019 - Interlagos Grand Prix	3/4/2019 - Watkins Glen Classic Boot	19	18,6	0	7	6	86	0	0	584,498	0	50	50	48	-2	6	17	17	0	0	0	0	0	6	1	1	0	0	Class A	0	False	False	
Hartmut Glöckner	17837	Maunz-Racing	1414	3,73	DE		100	2/12/2018 - Mazda Raceway Laguna Seca Full Course	3/4/2019 - Watkins Glen Classic Boot	21	16,5	0	3	2	67	0	0	168,46	0	16	23	23	0	7	22	15	0	0	0	0	1	2	0	0	0	0	Class A	0	False	False	
Oliver Heuler	39494	Laisser-faire-Team	3507	3,62	DE	Silber	0,8381	9/17/2018 - WeatherTech Raceway at Laguna Seca Full Course	3/4/2019 - Watkins Glen Classic Boot	23	11,4	0	16	14	88	0	0	1110,348	0	116	176	172	-4	10	4	3	0	2	4	9	9	11	0	0	1	0	Class C	3	False	False	
Alexander Gasta	39498	Team Teabagged	1548	2,19	AT		100	9/17/2018 - WeatherTech Raceway at Laguna Seca Full Course	3/4/2019 - Watkins Glen Classic Boot	24	22	0	4	2	50	0	0	246,083	0	44	18	15	-3	3	12	11	0	0	0	0	1	1	0	0	0	0	Class B	0	False	False	
Camille Younan	34605	-	2452	2,04	DE		100	9/24/2018 - Twin Ring Motegi East	3/4/2019 - Watkins Glen Classic Boot	26	19,5	0	5	2	40	0	0	138,499	0	35	9	7	-2	1	9	13	0	0	0	0	1	1	0	0	0	0	Class B	0	False	False	
Sascha Mueller2	41366	-	1465	1,47	DE		100	1/14/2019 - Mid-Ohio Full	2/25/2019 - Twin Ring Motegi GP	21	18	0	3	3	100	0	0	160,062	0	19	22	22	0	7	13	16	0	0	0	0	0	2	0	0	0	0	Class B	0	False	False	
Godehard Heidkamp	41893	-	1326	3,55	DE		100	2/11/2019 - Bathurst	2/11/2019 - Bathurst	28	0	0	1	0	0	0	0	38,622	0	8	0	-1	-1	-1	22	28	0	0	0	0	0	0	0	0	0	0	Class B	0	False	False	
Christian Raffel	32457	-	1306	2,62	DE		100	2/26/2018 - Circuit Gilles Villeneuve	1/21/2019 - Tsukuba 2000 Full	31	21,2	0	7	5	71	0	0	374,283	0	37	39	37	-2	5	13	11	0	0	0	0	1	4	1	0	0	0	Class A	0	False	False	
Vincent Aebischer	41204	-	459	2,77	CH		100	1/7/2019 - Interlagos Grand Prix	1/14/2019 - Mid-Ohio Full	26	26,5	0	2	2	100	0	0	105,999	0	14	0	0	0	0	30	26	0	0	0	0	0	0	0	0	0	0	Class D	0	False	False	
Rolf Just	29337	-	1038	3,31	DE		100	3/26/2018 - Canadian Tire Motorsports Park	1/7/2019 - Interlagos Grand Prix	20	19,5	0	2	2	100	0	0	115,346	0	6	12	12	0	6	20	19	0	0	0	0	0	2	0	0	0	0	Class A	0	False	False	
Andy Zenner	17360	-	2138	3,74	DE		100	1/7/2019 - Interlagos Grand Prix	1/7/2019 - Interlagos Grand Prix	28	28	0	1	1	100	0	0	51,684	0	6	0	0	0	0	15	28	0	0	0	0	0	0	0	0	0	0	Class A	0	False	False	
Steffen Volkenant	41205	-	1105	2,88			100	1/7/2019 - Interlagos Grand Prix	1/7/2019 - Interlagos Grand Prix	35	0	0	1	0	0	0	0	30,149	0	13	0	-1	-1	-1	28	35	0	0	0	0	0	0	0	0	0	0	Class D	0	False	False	
Harald Stadler	17832	Atomic Motorsports	4219	2,46	DE	Silber	0,9451	12/4/2017 - Circuit Gilles Villeneuve	12/3/2018 - Mount Panorama Circuit	7	4,4	1	20	17	85	0	0	1404,542	94,685	106	368	359	-9	17	1	1	2	9	12	17	17	18	2	0	1	0	Class A	3	False	False	
Friedrich Ladits	18595	SD Racing Team	2081	3,31	AT	BronzePlus	0,5255	6/18/2018 - Okayama International Circuit Short	12/3/2018 - Mount Panorama Circuit	10	13,1	0	20	17	85	0	0	1644,743	0	44	204	198	-6	9	9	5	0	0	1	7	14	17	10	2	0	0	Class A	2	False	False	
Jürgen Klaiber	40232	Friedrich Hecker Racing	1548	3,42	DE		100	11/12/2018 - Nürburgring Nordschleife Industriefahrten	12/3/2018 - Mount Panorama Circuit	11	14	0	4	4	100	0	0	440,391	0	14	30	27	-3	6	12	11	0	0	0	0	2	4	0	0	0	0	Class A	0	False	False	
Ingo Lutz	18598	SD Racing Team	1798	3,62	DE	Bronze	1,3042	6/18/2018 - Okayama International Circuit Short	12/3/2018 - Mount Panorama Circuit	14	16,2	0	19	16	84	0	0	1458,884	0	118	147	134	-13	7	10	7	0	0	0	3	10	15	4	2	0	0	Class B	1	False	False	
Fabio Berchtold	36438	Team Teabagged	2707	2,48	CH	BronzePlus	0,3649	1/22/2018 - Circuit Zolder Grand Prix	12/3/2018 - Mount Panorama Circuit	17	11,4	0	21	19	90	0	0	1204,135	0	74	278	276	-2	13	6	4	0	0	2	7	15	20	5	1	0	0	Class A	2	False	False	
Harald Ide	22676	SD Racing Team	2309	2,43	DE	Silber	0,7067	6/25/2018 - Canadian Tire Motorsports Park	12/3/2018 - Mount Panorama Circuit	20	11	0	20	15	75	0	0	1566,62	0	99	219	215	-4	10	4	3	0	1	3	8	13	16	3	1	0	0	Class A	3	False	False	
Andreas Luther	30725	SD Racing Team	3133	1,69	DE		100	6/25/2018 - Canadian Tire Motorsports Park	11/26/2018 - Canadian Tire Motorsports Park	15	12,5	0	4	2	50	0	0	192,321	0	38	23	11	-12	2	7	10	0	0	0	1	2	2	0	0	0	0	Class A	0	False	False	
Yannick Englert	37038	-	1028	2,3	CH	Bronze	1,3244	3/5/2018 - Phillip Island Circuit	11/26/2018 - Canadian Tire Motorsports Park	21	17,6	0	17	15	88	0	0	1044,291	0	193	151	144	-7	8	8	8	0	0	0	1	8	14	0	3	0	0	Class C	1	False	False	
Frank Kleefeldt	39606	GermanSimRacing.de	1893	3,37	DE		100	9/17/2018 - WeatherTech Raceway at Laguna Seca Full Course	11/12/2018 - Nürburgring Nordschleife Industriefahrten	17	19,3	0	3	3	100	0	0	290,158	0	25	6	6	0	2	25	17	0	0	0	0	0	2	0	0	0	0	Class A	0	False	False	
Peter Weiler2	40233	-	1125	3,7	DE		100	11/12/2018 - Nürburgring Nordschleife Industriefahrten	11/12/2018 - Nürburgring Nordschleife Industriefahrten	20	0	0	1	0	0	0	0	145,775	0	17	1	1	0	1	33	20	0	0	0	0	0	1	0	0	0	0	Class C	0	False	False	
Jan Rihs	36180	-	1592	2,35	AT		100	1/8/2018 - Circuit de Spa-Francorchamps Classic Pits	11/12/2018 - Nürburgring Nordschleife Industriefahrten	25	23,8	0	6	3	50	0	0	226,797	0	34	24	22	-2	3	12	11	0	0	0	0	1	2	0	0	0	0	Class B	0	False	False	
Markus Vsetecka	39337	H2-Performance	1407	2,26	AT		100	8/27/2018 - Detroit Grand Prix at Belle Isle Belle Isle	11/12/2018 - Nürburgring Nordschleife Industriefahrten	28	11	0	2	1	50	0	0	45,384	0	14	15	15	0	7	13	11	0	0	0	0	1	1	1	0	0	0	Class B	0	False	False	
Jürgen Ecken2	30711	SD Racing Team	2071	4,38	DE		100	7/2/2018 - Nürburgring Nordschleife Industriefahrten	11/12/2018 - Nürburgring Nordschleife Industriefahrten	32	0	0	3	0	0	0	0	147,785	0	20	24	21	-3	7	12	12	0	0	0	0	1	2	0	0	0	0	Class A	0	False	False	
Fred Jerich	36174	-	1133	2,56	AT		100	1/8/2018 - Circuit de Spa-Francorchamps Classic Pits	11/12/2018 - Nürburgring Nordschleife Industriefahrten	33	19	0	7	3	43	0	0	244,546	0	59	27	13	-14	1	16	16	0	0	0	0	0	2	0	0	0	0	Class C	0	False	False	
Fabian Jungbluth	27531	-	3488	4,93	DE		100	9/24/2018 - Twin Ring Motegi East	11/5/2018 - Detroit Grand Prix at Belle Isle Belle Isle	8	10	0	3	2	67	0	0	137,854	0	24	22	21	-1	7	9	8	0	0	0	1	2	2	1	0	0	0	Class A	0	False	False	
Lukas Wanner	36173	-	2240	2,2	AT		100	1/8/2018 - Circuit de Spa-Francorchamps Classic Pits	11/5/2018 - Detroit Grand Prix at Belle Isle Belle Isle	21	4,5	0	5	4	80	0	0	252,405	42,701	39	95	94	-1	18	3	1	2	3	3	3	4	4	0	0	1	0	Class B	0	False	False	
Andreas Zeyen	39604	Lucky Dogs	1915	2,6	DE	Bronze	100	9/17/2018 - WeatherTech Raceway at Laguna Seca Full Course	10/22/2018 - Donington Park Racing Circuit National	16	12	0	6	5	83	0	0	497,429	0	78	57	50	-7	8	9	6	0	0	0	3	4	6	0	1	0	0	Class B	1	False	False	
Sven Stockmann	36439	-	1051	3,29			100	1/22/2018 - Circuit Zolder Grand Prix	10/22/2018 - Donington Park Racing Circuit National	19	22	0	5	5	100	0	0	362,482	0	18	8	5	-3	1	21	19	0	0	0	0	0	2	1	0	0	0	Class B	0	False	False	
Steffen Meincke	38150	GermanSimRacing.de	1690	3,12	DE		100	10/15/2018 - Autodromo Nazionale Monza Grand Prix	10/15/2018 - Autodromo Nazionale Monza Grand Prix	12	12	0	1	1	100	0	0	69,528	0	14	8	8	0	8	18	12	0	0	0	0	1	1	0	0	0	0	Class A	0	False	False	
Jonas zum Buttel	22980	Raceline Simsports	2246	1,88			100	9/17/2018 - WeatherTech Raceway at Laguna Seca Full Course	10/15/2018 - Autodromo Nazionale Monza Grand Prix	14	14,5	0	3	2	67	0	0	145,902	0	34	11	11	0	3	20	14	0	0	0	0	2	2	0	1	0	0	Class A	0	False	False	
Frank Ahlgrimm	34597	Projekt Racing	1442	3,07	DE	Silber	0,5273	9/25/2017 - Silverstone Circuit National	10/15/2018 - Autodromo Nazionale Monza Grand Prix	23	14,5	0	38	33	87	0	0	2130,528	0	201	399	395	-4	10	8	3	0	1	1	6	24	34	3	12	0	0	Class A	3	False	False	
Michael Bittmann	35147	GermanSimRacing.de	1803	2,35	DE		100	10/9/2017 - Road Atlanta Full Course	10/15/2018 - Autodromo Nazionale Monza Grand Prix	25	18,7	0	6	6	100	0	0	361,832	0	28	43	42	-1	7	16	13	0	0	0	0	1	4	0	0	0	0	Class A	0	False	False	
Florian Ploier	39918	Wuedehund Racing	1127	2,54	AT		100	10/8/2018 - Mid-Ohio Sports Car Course Full Course	10/8/2018 - Mid-Ohio Sports Car Course Full Course	13	13	0	1	1	100	0	0	54,315	0	12	7	7	0	7	21	13	0	0	0	0	1	1	0	0	0	0	Class D	0	False	False	
Manuel Vasta	39768	Wuedehund Racing	1534	3,46	AT		100	9/24/2018 - Twin Ring Motegi East	10/8/2018 - Mid-Ohio Sports Car Course Full Course	26	21	0	3	2	67	0	0	190,73	0	28	5	1	-4	0	14	16	0	0	0	0	0	1	0	0	0	0	Class C	0	False	False	
Denis Rapkiewicz	36762	Projekt Racing	3081	3,48	DE		100	2/19/2018 - Circuit of the Americas West	10/1/2018 - Okayama International Circuit Full Course	8	11,8	0	6	4	67	0	0	348,213	0	50	60	60	0	10	10	3	0	1	1	2	3	4	0	1	0	0	Class A	0	False	False	
Florian Springmann	39607	-	1171	1,56			100	9/17/2018 - WeatherTech Raceway at Laguna Seca Full Course	9/24/2018 - Twin Ring Motegi East	22	23,5	0	2	2	100	0	0	104,812	0	25	0	0	0	0	28	22	0	0	0	0	0	0	0	0	0	0	Class B	0	False	False	
Harry Groepler	39769	-	1215	3,42	DE		100	9/24/2018 - Twin Ring Motegi East	9/24/2018 - Twin Ring Motegi East	24	24	0	1	1	100	0	0	50,985	0	6	0	0	0	0	30	24	0	0	0	0	0	0	0	0	0	0	Class C	0	False	False	
Benjamin August	39605	-	1598	2,49			100	9/17/2018 - WeatherTech Raceway at Laguna Seca Full Course	9/17/2018 - WeatherTech Raceway at Laguna Seca Full Course	20	20	0	1	1	100	0	0	54,03	0	11	0	0	0	0	16	20	0	0	0	0	0	1	0	0	0	0	Class B	0	False	False	
Maximilian Bandion	34600	Maunz-Racing	2525	4,99	AT		1,9667	9/25/2017 - Silverstone Circuit National	9/17/2018 - WeatherTech Raceway at Laguna Seca Full Course	31	21,4	0	11	10	91	0	0	588,431	0	100	68	55	-13	5	13	14	0	0	0	0	2	5	0	0	0	0	Class B	0	False	False	
Fabio Unverdruss	38510	H2-Performance	2636	2,64	DE		100	6/18/2018 - Okayama International Circuit Short	8/27/2018 - Detroit Grand Prix at Belle Isle Belle Isle	10	4,2	1	8	4	50	0	0	457,019	221,182	70	109	99	-10	12	1	1	1	2	3	4	4	5	0	0	1	0	Class B	0	False	False	
Tim Bauhofer	39094	-	1644	3,6			100	8/6/2018 - Circuit de Spa-Francorchamps Classic Pits	8/6/2018 - Circuit de Spa-Francorchamps Classic Pits	14	14	0	1	1	100	0	0	63,009	0	8	11	11	0	11	23	14	0	0	0	0	1	1	0	0	0	0	Class D	0	False	False	
Jürgen Langenbucher	38275	-	852	3,46	DE		100	6/18/2018 - Okayama International Circuit Short	8/6/2018 - Circuit de Spa-Francorchamps Classic Pits	17	19,7	0	4	3	75	0	0	179,4	0	20	26	26	0	6	16	16	0	0	0	0	0	2	0	0	0	0	Class C	0	False	False	
Sven von Känel	38989	-	0	2,62	CH		100	7/23/2018 - Sonoma Raceway Cup	7/23/2018 - Sonoma Raceway Cup	19	0	0	1	0	0	0	0	12,812	0	6	8	7	-1	7	17	19	0	0	0	0	0	1	0	0	0	0	Rookie	0	False	False	
Marcel Fritsch	18791	Newman-Simracing	2501	3,5	AT	Bronze	0,3852	4/2/2018 - Circuit Zolder Grand Prix	7/16/2018 - Donington Park Racing Circuit Grand Prix	8	8,8	0	10	9	90	0	0	663,982	0	37	158	157	-1	15	6	5	0	0	1	7	8	8	3	0	0	0	Class A	1	False	False	
Kai Hitschler	38506	Newman-Simracing	1387	3,32	DE		100	6/18/2018 - Okayama International Circuit Short	7/16/2018 - Donington Park Racing Circuit Grand Prix	12	12,5	0	2	2	100	0	0	108,58	0	19	28	27	-1	13	15	12	0	0	0	0	2	2	0	0	0	0	Class B	0	False	False	
Dennis Wehdeking	17850	-	2253	2,85	DE		100	6/18/2018 - Okayama International Circuit Short	7/16/2018 - Donington Park Racing Circuit Grand Prix	14	8,3	0	4	3	75	0	0	218,965	0	20	60	60	0	15	4	5	0	0	1	2	3	4	0	0	0	0	Class A	0	False	False	
Jürgen Gutjahr	38751	-	1085	3,05	DE		100	7/2/2018 - Nürburgring Nordschleife Industriefahrten	7/16/2018 - Donington Park Racing Circuit Grand Prix	17	17	0	2	1	50	0	0	139,58	0	16	16	13	-3	6	18	17	0	0	0	0	0	2	0	0	0	0	Class B	0	False	False	
Karsten Heß	38274	-	1763	4,51	DE	Bronze	100	6/18/2018 - Okayama International Circuit Short	7/16/2018 - Donington Park Racing Circuit Grand Prix	20	13,6	0	5	5	100	0	0	392,807	0	20	62	62	0	12	13	9	0	0	0	1	4	5	0	0	0	0	Class A	1	False	False	
Oliver Schenk	38507	-	921	2,99	CH		100	6/18/2018 - Okayama International Circuit Short	7/9/2018 - Mid-Ohio Sports Car Course Full Course	16	19	0	3	3	100	0	0	161,786	0	36	20	18	-2	6	19	16	0	0	0	0	0	2	0	0	0	0	Class D	0	False	False	
Kevin Kolsche	32143	L79 CTC - Past Faster	2314	4,17	DE	Bronze	0,7533	9/25/2017 - Silverstone Circuit National	7/9/2018 - Mid-Ohio Sports Car Course Full Course	18	15,9	0	13	10	77	0	0	800,611	0	98	116	115	-1	8	7	5	0	0	1	2	4	11	0	0	0	0	Class A	1	False	False	
Dimitri Neufeld	38505	-	1792	3,62	DE		100	6/18/2018 - Okayama International Circuit Short	7/2/2018 - Nürburgring Nordschleife Industriefahrten	17	9	0	2	1	50	0	0	135,6	0	12	25	25	0	12	12	9	0	0	0	1	1	2	0	0	0	0	Class B	0	False	False	
Max Markin	34923	Maunz-Racing	3156	4,99		Silber	0,8833	9/25/2017 - Silverstone Circuit National	7/2/2018 - Nürburgring Nordschleife Industriefahrten	23	11,2	2	16	12	75	0	0	730,964	38,605	99	187	184	-4	11	1	3	0	2	3	7	8	11	0	0	0	0	Class A	3	False	False	
Björn Serlitzky	38272	-	1137	2,86	DE		100	6/18/2018 - Okayama International Circuit Short	6/25/2018 - Canadian Tire Motorsports Park	16	16	0	2	2	100	0	0	115,612	0	10	20	19	-1	9	20	16	0	0	0	0	0	2	0	1	0	0	Class D	0	False	False	
Jens Paul4	38509	-	1089	3,52	DE		100	6/18/2018 - Okayama International Circuit Short	6/18/2018 - Okayama International Circuit Short	24	0	0	1	0	0	0	0	23,012	0	4	1	1	0	1	25	24	0	0	0	0	0	0	0	0	0	0	Class D	0	False	False	
Kai J. Bartmann	38508	Newman-Simracing	745	2,26	DE		100	6/18/2018 - Okayama International Circuit Short	6/18/2018 - Okayama International Circuit Short	25	25	0	1	0	0	0	0	27,196	0	15	2	1	-1	1	22	25	0	0	0	0	0	0	0	0	0	0	Class B	0	False	False	
Marcel Worzischek	38273	-	1547	4,99	DE		100	6/18/2018 - Okayama International Circuit Short	6/18/2018 - Okayama International Circuit Short	28	0	0	1	0	0	0	0	4,184	0	12	0	0	0	0	21	28	0	0	0	0	0	0	0	0	0	0	Class A	0	False	False	
Michael Engel	35937	ART Austria Racing Team	4396	3,33	AT	Silber	0,881	1/8/2018 - Circuit de Spa-Francorchamps Classic Pits	6/4/2018 - Brands Hatch Circuit Grand Prix	3	8,7	1	15	14	93	0	0	826,025	76,765	80	277	270	-7	18	1	1	1	6	9	11	12	12	2	0	0	0	Class A	3	False	False	
Hannes Smolka	27962	SpeedworldAcademy	2043	4,75			100	5/7/2018 - Circuit de Spa-Francorchamps Classic Pits	6/4/2018 - Brands Hatch Circuit Grand Prix	8	11	0	5	4	80	0	0	221,902	0	43	61	61	0	12	8	4	0	0	1	2	3	4	0	0	0	0	Class A	0	False	False	
Juergen Weber	32149	-	1840	2,44			100	5/14/2018 - Donington Park Racing Circuit National	5/14/2018 - Donington Park Racing Circuit National	20	20	0	1	1	100	0	0	59,831	0	10	9	6	-3	6	27	20	0	0	0	0	0	1	0	0	0	0	Class A	0	False	False	
Fabian Klöckner	34591	Maunz-Racing	4210	3,56	DE	Bronze	100	9/25/2017 - Silverstone Circuit National	4/9/2018 - Circuit of the Americas Grand Prix	12	15	0	5	5	100	0	0	294,151	0	50	61	56	-5	11	7	9	0	0	0	1	4	4	0	0	0	0	Class A	1	False	False	
Christian Meese	34592	GermanSimRacing.de	2201	3,6	DE	Bronze	100	9/25/2017 - Silverstone Circuit National	4/2/2018 - Circuit Zolder Grand Prix	20	10,6	0	9	5	56	0	0	350,949	0	47	85	84	-1	9	4	5	0	0	1	3	4	6	1	0	0	0	Class A	1	False	False	
Kai Uwe Gerlach	35934	GermanSimRacing.de	2452	4,04	DE	Bronze	0,4286	1/8/2018 - Circuit de Spa-Francorchamps Classic Pits	3/19/2018 - Lime Rock Park Full Course	9	11,3	0	8	7	88	0	0	451,498	0	30	105	104	-1	13	5	7	0	0	0	5	6	6	1	0	0	0	Class B	1	False	False	
Daniel Behrensen	20303	-	4008	3,72	DE	Bronze	100	10/9/2017 - Road Atlanta Full Course	3/19/2018 - Lime Rock Park Full Course	16	7	0	5	5	100	0	0	285,965	12,264	39	98	97	-1	19	2	2	0	1	3	4	4	5	0	0	0	0	Class A	1	False	False	
Bernd Halbeisen2	37207	-	1747	2,57	AT		100	3/19/2018 - Lime Rock Park Full Course	3/19/2018 - Lime Rock Park Full Course	19	19	0	1	1	100	0	0	61,55	0	5	7	7	0	7	17	19	0	0	0	0	0	1	0	0	0	0	Class A	0	False	False	
Charly Fruehwirth	37205	Lost Boys Linz	1740	4,88	AT		100	3/19/2018 - Lime Rock Park Full Course	3/19/2018 - Lime Rock Park Full Course	22	22	0	1	1	100	0	0	61,55	0	6	4	4	0	4	28	22	0	0	0	0	0	0	0	0	0	0	Class A	0	False	False	
Jan Hoffmann	25100	-	1565	2,31	DE		100	3/19/2018 - Lime Rock Park Full Course	3/19/2018 - Lime Rock Park Full Course	23	23	0	1	1	100	0	0	61,55	0	9	2	2	0	2	36	23	0	0	0	0	0	0	0	0	0	0	Class B	0	False	False	
Manuel Monteiro	36176	-	1294	2,32	DE		100	1/8/2018 - Circuit de Spa-Francorchamps Classic Pits	3/19/2018 - Lime Rock Park Full Course	26	26	0	2	2	100	0	0	122,097	0	12	0	0	0	0	37	26	0	0	0	0	0	0	0	0	0	0	Class A	0	False	False	
Roman Graf	37297	-	1601	3,32	CH		100	3/19/2018 - Lime Rock Park Full Course	3/19/2018 - Lime Rock Park Full Course	34	34	0	1	1	100	0	0	59,088	0	5	0	-1	-1	-1	24	34	0	0	0	0	0	0	0	0	0	0	Class A	0	False	False	
Alexander Lange	37039	-	1327	3,5	DE		100	3/5/2018 - Phillip Island Circuit	3/5/2018 - Phillip Island Circuit	21	0	0	1	0	0	0	0	13,335	0	4	5	5	0	5	22	21	0	0	0	0	0	0	0	0	0	0	Class C	0	False	False	
Karsten Brodowy	24364	-	1939	4,28	DE	Bronze	0,9048	1/8/2018 - Circuit de Spa-Francorchamps Classic Pits	2/26/2018 - Circuit Gilles Villeneuve	13	16,1	0	7	7	100	0	0	393,988	0	35	70	66	-4	9	11	10	0	0	0	1	4	6	0	0	0	0	Class A	1	False	False	
Martin Hoehn	36179	-	1487	2,43	DE		100	1/8/2018 - Circuit de Spa-Francorchamps Classic Pits	2/26/2018 - Circuit Gilles Villeneuve	17	19	0	5	5	100	0	0	281,212	0	35	36	35	-1	7	17	16	0	0	0	0	0	4	0	0	0	0	Class C	0	False	False	
Stefan Fürtbauer	36440	-	327	0,81			100	1/22/2018 - Circuit Zolder Grand Prix	2/26/2018 - Circuit Gilles Villeneuve	22	24,6	0	5	3	60	0	0	214,817	0	48	15	4	-11	0	18	22	0	0	0	0	0	0	0	0	0	0	Class D	0	False	False	
Lars Hung	34034	Virtual Racing	2487	4,49	DE		100	2/19/2018 - Circuit of the Americas West	2/19/2018 - Circuit of the Americas West	11	11	0	1	1	100	0	0	54,392	0	3	15	15	0	15	12	11	0	0	0	0	1	1	0	0	0	0	Class A	0	False	False	
Marc Faetkenheuer	36761	Virtual Racing	2069	3,4	DE		100	2/19/2018 - Circuit of the Americas West	2/19/2018 - Circuit of the Americas West	20	20	0	1	1	100	0	0	54,392	0	16	9	6	-3	6	10	20	0	0	0	0	0	1	0	0	0	0	Class B	0	False	False	
Stefan Binninger	35936	Maunz-Racing	2915	4,72			100	1/8/2018 - Circuit de Spa-Francorchamps Classic Pits	2/12/2018 - Mazda Raceway Laguna Seca Full Course	8	10	0	2	2	100	0	0	113,437	0	17	31	31	0	15	10	8	0	0	0	1	2	2	0	0	0	0	Class A	0	False	False	
Iven Daemmrich	36683	-	1424	2,24	DE		100	2/12/2018 - Mazda Raceway Laguna Seca Full Course	2/12/2018 - Mazda Raceway Laguna Seca Full Course	12	12	0	1	1	100	0	0	50,428	0	4	14	14	0	14	19	12	0	0	0	0	1	1	0	0	0	0	Class A	0	False	False	
Axel Begemann	36437	-	2104	2,63	DE		100	1/22/2018 - Circuit Zolder Grand Prix	2/5/2018 - Circuit Park Zandvoort Grand Prix	7	10	0	2	2	100	0	0	116,326	0	14	31	31	0	15	13	7	0	0	0	1	2	2	0	0	0	0	Class B	0	False	False	
Arne Stops	34607	Maunz-Racing	3037	4,56	DE		100	9/25/2017 - Silverstone Circuit National	2/5/2018 - Circuit Park Zandvoort Grand Prix	26	8,8	0	6	4	67	0	0	224,558	0	14	71	68	-3	11	7	6	0	0	0	4	4	4	1	0	0	0	Class A	0	False	False	
Florian Bauernhofer	36540	-	1784	2,57	AT		100	1/29/2018 - Snetterton Circuit 200	1/29/2018 - Snetterton Circuit 200	6	6	0	1	1	100	0	0	57,942	0	14	21	20	-1	20	4	6	0	0	0	1	1	1	0	0	0	0	Class C	0	False	False	
Dieter Falkenstein	36355	-	924	4,85	DE		100	1/15/2018 - Virginia International Raceway Grand West	1/22/2018 - Circuit Zolder Grand Prix	19	19	0	2	2	100	0	0	113,641	0	1	12	12	0	6	22	19	0	0	0	0	0	2	1	0	0	0	Class B	0	False	False	
Patrick Preusse	27020	GermanSimRacing.de	5610	3,58	DE	Bronze	100	9/25/2017 - Silverstone Circuit National	1/15/2018 - Virginia International Raceway Grand West	7	8,4	2	7	6	86	1	0	379,294	141,621	26	158	155	-3	22	1	1	3	4	5	6	6	6	1	0	0	0	Class A	1	False	False	
Patrick Luzius	36354	-	1675	3,46	DE		100	1/15/2018 - Virginia International Raceway Grand West	1/15/2018 - Virginia International Raceway Grand West	12	12	0	1	1	100	0	0	57,501	0	5	15	14	-1	14	15	12	0	0	0	0	1	1	0	0	0	0	Class C	0	False	False	
Oliver Kemmesat	29237	GermanSimRacing.de	4431	4,08	DE	Bronze	100	9/25/2017 - Silverstone Circuit National	1/15/2018 - Virginia International Raceway Grand West	13	12,4	0	8	6	75	0	0	362,566	0	28	95	94	-1	11	7	8	0	0	0	4	6	6	0	0	0	0	Class A	1	False	False	
Christoph Mayer	36356	-	0	2,37			100	1/15/2018 - Virginia International Raceway Grand West	1/15/2018 - Virginia International Raceway Grand West	24	0	0	1	0	0	0	0	44,723	0	17	2	2	0	2	28	24	0	0	0	0	0	0	0	0	0	0	Rookie	0	False	False	
Christopher Dambietz	34922	GermanSimRacing.de	2083	3,28	DE		100	9/25/2017 - Silverstone Circuit National	1/8/2018 - Circuit de Spa-Francorchamps Classic Pits	6	6	0	3	3	100	0	0	173,377	0	29	59	59	0	19	5	5	0	0	1	3	3	3	0	1	1	0	Class B	0	False	False	
Marcus Sommer	36175	-	738	3,46			100	1/8/2018 - Circuit de Spa-Francorchamps Classic Pits	1/8/2018 - Circuit de Spa-Francorchamps Classic Pits	25	25	0	1	1	100	0	0	63,009	0	3	1	1	0	1	47	25	0	0	0	0	0	0	0	0	0	0	Class B	0	False	False	
Julian Oejen	29228	GermanSimRacing.de	3351	3,25	DE	Bronze	100	9/25/2017 - Silverstone Circuit National	1/8/2018 - Circuit de Spa-Francorchamps Classic Pits	26	16,7	0	7	5	71	0	0	335,249	0	51	64	59	-5	8	17	9	0	0	0	1	4	5	0	1	0	0	Class A	1	False	False	
Jenno Buelders	36178	-	2650	2,86	DE		100	1/8/2018 - Circuit de Spa-Francorchamps Classic Pits	1/8/2018 - Circuit de Spa-Francorchamps Classic Pits	26	26	0	1	1	100	0	0	63,009	0	12	0	0	0	0	15	26	0	0	0	0	0	0	0	0	0	0	Class A	0	False	False	
Alexander Lilla	35808	GermanSimRacing.de	2454	3,47	DE		100	12/4/2017 - Circuit Gilles Villeneuve	1/8/2018 - Circuit de Spa-Francorchamps Classic Pits	26	22	0	2	2	100	0	0	115,341	0	15	8	8	0	4	21	18	0	0	0	0	0	1	0	0	0	0	Class A	0	False	False	
Michael Kiessl	36181	-	1740	4,55	DE		100	1/8/2018 - Circuit de Spa-Francorchamps Classic Pits	1/8/2018 - Circuit de Spa-Francorchamps Classic Pits	26	26	0	1	0	0	0	0	35,005	0	8	0	0	0	0	20	26	0	0	0	0	0	0	0	0	0	0	Class B	0	False	False	
Andrea Kienbauer	36183	-	1343	3,17			100	1/8/2018 - Circuit de Spa-Francorchamps Classic Pits	1/8/2018 - Circuit de Spa-Francorchamps Classic Pits	40	0	0	1	0	0	0	0	7,001	0	10	0	-1	-1	-1	26	40	0	0	0	0	0	0	0	0	0	0	Class C	0	False	False	
R Kunack-Constabel	34601	GermanSimRacing.de	1495	2,12			100	9/25/2017 - Silverstone Circuit National	1/8/2018 - Circuit de Spa-Francorchamps Classic Pits	43	25,8	0	6	4	67	0	0	300,082	0	49	18	13	-5	2	14	14	0	0	0	0	1	1	0	0	0	0	Class A	0	False	False	
Niklas Behrens	25736	GermanSimRacing.de	5264	2,5	DE		100	12/4/2017 - Circuit Gilles Villeneuve	12/4/2017 - Circuit Gilles Villeneuve	8	8	0	1	1	100	0	0	52,332	0	4	19	18	-1	18	3	8	0	0	0	1	1	1	0	0	0	0	Class A	0	False	False	
Nicolas Galli	34593	GermanSimRacing.de	3166	2,45	CH		100	9/25/2017 - Silverstone Circuit National	12/4/2017 - Circuit Gilles Villeneuve	13	9	0	4	3	75	0	0	200,578	0	20	60	59	-1	14	8	6	0	0	0	2	3	4	0	0	0	0	Class A	0	False	False	
Frank von Borstel	31896	Sim Sport Garage 17	1815	3,42			100	9/25/2017 - Silverstone Circuit National	12/4/2017 - Circuit Gilles Villeneuve	16	17,2	0	5	5	100	0	0	273,876	0	35	43	41	-2	8	15	12	0	0	0	0	2	4	0	0	0	0	Class A	0	False	False	
Eckhart von Glan	16771	Blue Flag Racing	1340	2,35	DE		100	9/25/2017 - Silverstone Circuit National	12/4/2017 - Circuit Gilles Villeneuve	26	20	0	5	5	100	0	0	282,427	0	34	32	28	-4	5	16	15	0	0	0	0	1	3	0	0	0	0	Class A	0	False	False	
Thomas Jogwick	34967	-	701	3,17			100	12/4/2017 - Circuit Gilles Villeneuve	12/4/2017 - Circuit Gilles Villeneuve	26	26	0	1	1	100	0	0	43,61	0	0	0	0	0	0	24	26	0	0	0	0	0	0	0	0	0	0	Class B	0	False	False	
Moritz Metka	34602	-	1544	2,78	DE		100	9/25/2017 - Silverstone Circuit National	12/4/2017 - Circuit Gilles Villeneuve	28	19,2	0	4	4	100	0	0	230,585	0	27	31	28	-3	7	17	16	0	0	0	0	0	3	0	1	0	0	Class C	0	False	False	
Sebastian Wilms	21427	Sim Sport Garage 17	2057	4,25	DE		100	9/25/2017 - Silverstone Circuit National	11/6/2017 - Brands Hatch Circuit Grand Prix	12	17,5	0	4	4	100	0	0	221,164	0	32	32	32	0	8	20	12	0	0	0	0	1	3	0	0	0	0	Class A	0	False	False	
Patrick Christoph Moser	35146	SimRC.de	4354	3	AT		100	10/9/2017 - Road Atlanta Full Course	10/23/2017 - Phillip Island Circuit	6	6,5	0	2	2	100	0	0	119,462	0	12	39	39	0	19	8	6	0	0	0	2	2	2	0	0	0	0	Class A	0	False	False	
Sascha Raabe	2974	-	1910	4,68			100	10/9/2017 - Road Atlanta Full Course	10/9/2017 - Road Atlanta Full Course	23	23	0	1	1	100	0	0	57,232	0	6	3	2	-1	2	16	23	0	0	0	0	0	0	0	0	0	0	Class A	0	False	False	
Erik Leukel	29432	BerlinSimSport	2271	4,89	DE		100	9/25/2017 - Silverstone Circuit National	10/9/2017 - Road Atlanta Full Course	26	0	0	2	0	0	0	0	15,828	0	8	0	-1	-1	0	7	26	0	0	0	0	0	0	0	0	0	0	Class A	0	False	False	
Mike Bucher	34594	GermanSimRacing.de	1149	2,49			100	9/25/2017 - Silverstone Circuit National	9/25/2017 - Silverstone Circuit National	11	11	0	1	1	100	0	0	58,036	0	2	15	15	0	15	27	11	0	0	0	0	1	1	0	1	0	0	Class A	0	False	False	
Stefan Held	34925	-	907	2,14	DE		100	9/25/2017 - Silverstone Circuit National	9/25/2017 - Silverstone Circuit National	19	19	0	1	1	100	0	0	58,036	0	3	6	6	0	6	30	19	0	0	0	0	0	1	0	0	0	0	Class B	0	False	False	
Olaf Ballerstedt	25554	Sim Sport Garage 17	2044	2,22	DE		100	9/25/2017 - Silverstone Circuit National	9/25/2017 - Silverstone Circuit National	31	31	0	1	1	100	0	0	55,398	0	16	1	-6	-7	-6	17	31	0	0	0	0	0	0	0	0	0	0	Class A	0	False	False	
Christian Lemke	39495	-	910	1,41	DE					0	0	0	0	0	0	0	0	0	0	0	0	0	0	0	0	0	0	0	0	0	0	0	0	0	0	999		0	False	False	
Lucas Baweda	30812	Team Teabagged	1546	2,35						0	0	0	0	0	0	0	0	0	0	0	0	0	0	0	0	0	0	0	0	0	0	0	0	0	0	999		0	False	False	
Juri Jerg	34598	BerlinSimSport	2793	4,16	CH					0	0	0	0	0	0	0	0	0	0	0	0	0	0	0	0	0	0	0	0	0	0	0	0	0	0	999		0	False	False	
Fredo Große	34603	Patman Racing	806	2,66	DE					0	0	0	0	0	0	0	0	0	0	0	0	0	0	0	0	0	0	0	0	0	0	0	0	0	0	999		0	False	False	
Sergio Medina	23869	GermanSimRacing.de	5022	4,31	DE					0	0	0	0	0	0	0	0	0	0	0	0	0	0	0	0	0	0	0	0	0	0	0	0	0	0	999		0	False	False	
Manfred Haupenthal	34599	-	1251	3,52						0	0	0	0	0	0	0	0	0	0	0	0	0	0	0	0	0	0	0	0	0	0	0	0	0	0	999		0	False	False	
Steffen Röthig	34604	-	790	4,39	DE					0	0	0	0	0	0	0	0	0	0	0	0	0	0	0	0	0	0	0	0	0	0	0	0	0	0	999		0	False	False	
NewDriver			0	0						0	0	0	0	0	0	0	0	0	0	0	0	0	0	0	0	0	0	0	0	0	0	0	0	0	0	999		0	False	False	
